NUM,YEAR,PPTIN,TMINF,TMEANF,TMAXF
1,1966,95.29,25.21,33.78,42.33
1,1967,101.3,25.47,34.2,42.92
1,1968,99.11,24.61,32.92,41.22
1,1969,75.36,24.73,33.45,42.15
1,1970,111.0,24.18,32.93,41.66
1,1971,101.11,23.85,32.34,40.87
1,1972,99.63,23.02,31.61,40.16
1,1973,87.4,24.68,33.39,42.08
1,1974,122.09,25.29,33.59,41.9
1,1975,115.71,23.05,31.13,39.23
1,1976,78.78,26.13,34.52,42.86
1,1977,73.13,24.22,32.79,41.4
1,1978,73.26,24.33,32.64,40.99
1,1979,62.72,24.88,33.86,42.83
1,1980,83.17,25.54,34.07,42.61
1,1981,67.63,26.56,35.01,43.42
1,1982,76.36,22.43,31.03,39.63
1,1983,64.4,25.24,33.72,42.22
1,1984,74.54,24.57,33.01,41.43
1,1985,66.13,22.41,30.82,39.19
1,1986,81.24,26.11,34.48,42.84
1,1987,59.3,27.08,35.89,44.69
1,1988,63.39,26.48,35.37,44.23
1,1989,86.35,23.45,31.78,40.09
1,1990,100.88,24.05,32.61,41.15
1,1991,76.65,24.58,33.48,42.38
1,1992,63.85,25.73,34.62,43.54
1,1993,65.51,23.38,31.89,40.39
1,1994,72.82,25.06,34.11,43.13
1,1995,95.93,24.11,32.73,41.36
1,1996,94.6,21.77,30.67,39.57
1,1997,79.32,24.67,33.2,41.75
1,1998,73.25,26.36,35.24,44.17
1,1999,81.81,26.07,34.19,42.31
1,2000,59.83,24.84,33.32,41.84
1,2001,58.03,25.81,34.37,42.93
1,2002,83.04,24.34,32.69,41.03
1,2003,69.23,26.44,35.42,44.4
1,2004,73.07,26.82,35.19,43.59
1,2005,70.44,25.81,34.48,43.16
1,2006,81.48,27.05,35.88,44.71
1,2007,67.77,26.43,35.35,44.28
1,2008,69.69,24.54,33.59,42.67
1,2009,65.17,24.3,33.45,42.58
1,2010,73.43,26.17,34.69,43.18
1,2011,89.47,24.74,33.48,42.15
1,2012,103.39,26.96,35.61,44.28
1,2013,73.09,26.32,35.11,43.88
1,2014,80.49,25.82,34.48,43.16
1,2015,62.38,28.26,37.12,45.96
2,1966,92.53,24.42,33.0,41.58
2,1967,91.72,24.42,33.16,41.89
2,1968,83.9,23.73,31.95,40.18
2,1969,66.47,24.28,32.8,41.34
2,1970,98.99,23.52,32.23,40.94
2,1971,86.13,23.08,31.53,39.98
2,1972,89.38,22.21,30.83,39.46
2,1973,75.85,23.98,32.68,41.36
2,1974,111.32,24.51,32.87,41.22
2,1975,109.5,22.23,30.28,38.36
2,1976,75.73,25.73,34.07,42.42
2,1977,71.6,23.79,32.32,40.88
2,1978,67.26,23.82,32.08,40.39
2,1979,55.72,24.29,33.31,42.32
2,1980,76.58,24.98,33.72,42.46
2,1981,59.05,25.97,34.56,43.15
2,1982,75.75,21.61,30.3,39.01
2,1983,57.36,24.6,33.17,41.73
2,1984,72.05,23.77,32.32,40.88
2,1985,62.55,21.29,29.71,38.1
2,1986,74.01,24.94,33.38,41.82
2,1987,54.52,26.03,34.86,43.68
2,1988,59.99,25.42,34.43,43.46
2,1989,84.16,22.2,30.5,38.81
2,1990,95.24,22.97,31.52,40.05
2,1991,65.46,23.42,32.42,41.47
2,1992,62.64,24.64,33.63,42.61
2,1993,61.44,22.34,30.87,39.38
2,1994,69.53,24.1,33.21,42.29
2,1995,89.96,23.02,31.77,40.46
2,1996,85.11,20.57,29.72,38.86
2,1997,72.39,23.68,32.34,40.99
2,1998,67.76,25.58,34.58,43.58
2,1999,76.34,25.47,33.48,41.48
2,2000,56.73,24.24,32.58,40.94
2,2001,55.67,25.15,33.6,42.05
2,2002,78.2,23.27,31.72,40.18
2,2003,63.5,25.5,34.44,43.41
2,2004,68.08,25.87,34.18,42.49
2,2005,63.4,24.73,33.57,42.41
2,2006,78.69,26.12,35.33,44.56
2,2007,63.11,25.65,34.78,43.9
2,2008,66.68,23.87,33.07,42.26
2,2009,64.21,23.57,32.83,42.11
2,2010,67.3,25.54,34.21,42.86
2,2011,80.98,24.07,32.92,41.78
2,2012,92.49,26.37,35.12,43.87
2,2013,66.99,25.47,34.32,43.22
2,2014,78.01,24.9,33.61,42.32
2,2015,59.12,27.29,36.05,44.82
3,1966,91.46,25.43,34.32,43.22
3,1967,96.67,25.72,34.78,43.83
3,1968,95.33,24.93,33.53,42.12
3,1969,72.43,24.99,34.0,43.01
3,1970,107.48,24.48,33.48,42.52
3,1971,98.15,24.12,32.89,41.68
3,1972,96.39,23.35,32.17,41.0
3,1973,84.17,25.02,33.98,42.93
3,1974,116.75,25.62,34.18,42.76
3,1975,111.19,23.37,31.68,40.0
3,1976,75.75,26.4,35.02,43.63
3,1977,70.5,24.5,33.36,42.21
3,1978,70.15,24.54,33.15,41.8
3,1979,60.31,25.11,34.38,43.68
3,1980,80.07,25.76,34.57,43.39
3,1981,64.98,26.86,35.54,44.23
3,1982,74.01,22.71,31.59,40.48
3,1983,62.38,25.49,34.25,43.01
3,1984,71.45,24.86,33.57,42.26
3,1985,63.34,22.72,31.33,39.98
3,1986,77.79,26.35,35.0,43.67
3,1987,56.96,27.23,36.38,45.5
3,1988,61.09,26.64,35.87,45.06
3,1989,83.55,23.72,32.32,40.92
3,1990,97.02,24.4,33.2,41.96
3,1991,73.68,24.92,34.05,43.2
3,1992,61.39,26.03,35.19,44.36
3,1993,63.31,23.72,32.41,41.1
3,1994,69.82,25.37,34.68,43.98
3,1995,92.74,24.43,33.28,42.14
3,1996,91.34,22.08,31.23,40.35
3,1997,76.41,24.92,33.72,42.53
3,1998,70.84,26.58,35.79,45.0
3,1999,78.54,26.4,34.77,43.13
3,2000,57.56,25.12,33.87,42.63
3,2001,55.92,26.11,34.91,43.73
3,2002,79.91,24.63,33.22,41.78
3,2003,66.64,26.72,35.9,45.11
3,2004,70.8,27.18,35.73,44.29
3,2005,68.08,26.1,35.02,43.92
3,2006,78.54,27.36,36.43,45.49
3,2007,65.39,26.63,35.85,45.11
3,2008,67.55,24.76,34.11,43.45
3,2009,62.95,24.48,33.92,43.39
3,2010,70.98,26.43,35.19,43.95
3,2011,86.19,25.08,34.01,42.92
3,2012,99.39,27.31,36.16,45.05
3,2013,70.42,26.69,35.66,44.66
3,2014,78.21,26.13,35.01,43.88
3,2015,60.16,28.59,37.66,46.74
4,1966,126.97,24.49,32.7,40.9
4,1967,120.59,24.41,32.82,41.22
4,1968,131.0,23.49,31.69,39.88
4,1969,94.72,24.3,32.71,41.16
4,1970,149.82,23.61,31.95,40.25
4,1971,141.46,23.21,31.35,39.49
4,1972,141.62,22.47,30.75,39.0
4,1973,111.64,23.89,32.26,40.65
4,1974,157.06,24.49,32.52,40.51
4,1975,147.79,22.09,29.92,37.72
4,1976,107.78,25.73,33.79,41.86
4,1977,108.51,23.89,32.04,40.18
4,1978,90.61,23.92,31.8,39.67
4,1979,86.2,25.13,33.41,41.68
4,1980,110.94,25.52,33.67,41.79
4,1981,82.97,26.28,34.43,42.61
4,1982,107.65,22.12,30.4,38.65
4,1983,83.23,24.73,32.89,41.04
4,1984,103.29,23.62,31.91,40.2
4,1985,88.97,21.67,29.94,38.23
4,1986,98.29,25.25,33.58,41.9
4,1987,77.55,26.28,34.82,43.38
4,1988,84.45,25.67,34.29,42.88
4,1989,115.07,22.46,30.68,38.91
4,1990,131.78,23.2,31.61,40.0
4,1991,96.2,23.84,32.39,40.93
4,1992,83.43,25.35,33.74,42.13
4,1993,81.66,22.55,30.72,38.92
4,1994,96.69,24.69,33.26,41.81
4,1995,121.23,23.62,31.83,40.04
4,1996,118.63,21.48,29.98,38.48
4,1997,106.27,24.29,32.43,40.53
4,1998,89.45,26.22,34.52,42.81
4,1999,105.0,25.47,33.29,41.14
4,2000,80.66,24.61,32.67,40.69
4,2001,81.31,25.5,33.66,41.81
4,2002,108.66,23.86,31.83,39.79
4,2003,89.96,26.13,34.43,42.73
4,2004,95.08,26.06,34.06,42.07
4,2005,91.84,25.19,33.57,41.97
4,2006,104.84,26.42,34.97,43.51
4,2007,82.29,26.16,34.61,43.06
4,2008,96.89,24.17,32.62,41.06
4,2009,87.17,24.18,32.73,41.28
4,2010,90.42,25.77,33.83,41.92
4,2011,113.94,24.31,32.49,40.68
4,2012,130.95,26.48,34.64,42.81
4,2013,94.09,25.94,34.14,42.36
4,2014,106.92,25.51,33.64,41.81
4,2015,77.59,28.03,36.32,44.64
5,1966,97.53,25.28,33.65,42.02
5,1967,103.04,25.52,34.02,42.51
5,1968,99.94,24.63,32.79,40.98
5,1969,76.86,24.78,33.37,41.9
5,1970,107.77,24.23,32.82,41.41
5,1971,98.05,23.91,32.23,40.56
5,1972,96.39,23.04,31.47,39.88
5,1973,87.33,24.69,33.22,41.77
5,1974,120.61,25.29,33.44,41.58
5,1975,118.34,23.02,30.94,38.86
5,1976,78.23,26.24,34.43,42.62
5,1977,72.64,24.29,32.7,41.1
5,1978,76.71,24.38,32.52,40.68
5,1979,60.64,24.83,33.65,42.47
5,1980,84.64,25.54,33.96,42.35
5,1981,69.73,26.68,34.93,43.17
5,1982,76.72,22.48,30.94,39.42
5,1983,64.43,25.21,33.57,41.95
5,1984,76.79,24.61,32.93,41.24
5,1985,70.16,22.42,30.62,38.84
5,1986,84.51,26.05,34.28,42.53
5,1987,60.63,27.12,35.72,44.33
5,1988,64.33,26.42,35.18,43.91
5,1989,88.72,23.34,31.49,39.63
5,1990,102.58,23.98,32.37,40.75
5,1991,77.78,24.48,33.28,42.08
5,1992,66.2,25.6,34.39,43.18
5,1993,67.1,23.32,31.71,40.12
5,1994,75.01,25.02,33.91,42.83
5,1995,97.82,24.0,32.52,41.02
5,1996,94.33,21.62,30.46,39.29
5,1997,80.79,24.62,33.03,41.45
5,1998,73.71,26.31,35.12,43.92
5,1999,83.11,26.11,34.08,42.05
5,2000,60.98,24.86,33.18,41.52
5,2001,59.49,25.87,34.24,42.63
5,2002,84.64,24.35,32.56,40.76
5,2003,70.48,26.47,35.39,44.33
5,2004,73.08,26.83,35.14,43.48
5,2005,71.88,25.79,34.4,43.06
5,2006,82.99,27.13,35.86,44.55
5,2007,67.63,26.48,35.29,44.09
5,2008,69.03,24.62,33.52,42.46
5,2009,66.46,24.3,33.33,42.37
5,2010,75.3,26.23,34.61,42.98
5,2011,90.85,24.77,33.37,41.96
5,2012,105.78,26.99,35.52,44.08
5,2013,74.67,26.25,34.96,43.61
5,2014,81.2,25.68,34.28,42.83
5,2015,62.62,28.29,36.96,45.62
6,1966,92.91,25.51,34.41,43.28
6,1967,98.18,25.71,34.76,43.81
6,1968,95.96,24.99,33.59,42.2
6,1969,73.69,25.04,34.05,43.07
6,1970,107.93,24.58,33.6,42.61
6,1971,97.59,24.2,32.96,41.71
6,1972,96.29,23.43,32.28,41.11
6,1973,84.47,25.11,34.02,42.94
6,1974,120.11,25.78,34.32,42.85
6,1975,114.47,23.43,31.69,39.97
6,1976,77.54,26.77,35.27,43.77
6,1977,71.73,24.69,33.52,42.33
6,1978,71.12,24.7,33.28,41.85
6,1979,58.73,25.12,34.42,43.7
6,1980,79.97,25.85,34.71,43.58
6,1981,64.93,27.0,35.68,44.37
6,1982,74.86,22.87,31.73,40.59
6,1983,62.0,25.52,34.32,43.13
6,1984,72.56,24.92,33.65,42.41
6,1985,64.45,22.61,31.22,39.81
6,1986,78.14,26.29,34.95,43.63
6,1987,57.09,27.18,36.31,45.45
6,1988,61.74,26.52,35.77,45.04
6,1989,84.84,23.42,32.04,40.66
6,1990,98.55,24.21,33.03,41.84
6,1991,71.98,24.91,34.01,43.14
6,1992,62.94,25.93,35.12,44.32
6,1993,64.3,23.83,32.44,41.07
6,1994,71.64,25.42,34.72,43.99
6,1995,92.49,24.59,33.36,42.07
6,1996,90.73,22.21,31.27,40.32
6,1997,76.43,25.03,33.78,42.52
6,1998,71.78,26.76,35.93,45.13
6,1999,79.6,26.53,34.85,43.18
6,2000,58.63,25.19,33.93,42.68
6,2001,56.95,26.14,34.95,43.76
6,2002,80.89,24.66,33.23,41.79
6,2003,67.01,26.73,35.96,45.18
6,2004,71.56,27.13,35.76,44.39
6,2005,68.44,26.05,35.07,44.08
6,2006,79.71,27.4,36.59,45.8
6,2007,65.59,26.8,36.08,45.33
6,2008,66.83,25.01,34.34,43.7
6,2009,65.23,24.67,34.14,43.59
6,2010,71.23,26.66,35.42,44.21
6,2011,85.88,25.21,34.19,43.17
6,2012,100.1,27.5,36.38,45.32
6,2013,70.93,26.91,35.83,44.78
6,2014,78.89,26.36,35.14,43.92
6,2015,60.4,28.83,37.81,46.77
7,1966,95.97,24.62,33.59,42.57
7,1967,96.65,24.71,33.82,42.94
7,1968,89.15,24.29,32.78,41.28
7,1969,69.99,24.46,33.38,42.3
7,1970,104.18,23.84,32.88,41.95
7,1971,91.77,23.28,32.14,40.99
7,1972,93.7,22.6,31.6,40.58
7,1973,79.58,24.34,33.36,42.36
7,1974,116.25,25.02,33.68,42.34
7,1975,113.16,22.74,31.04,39.34
7,1976,78.2,26.06,34.73,43.37
7,1977,73.2,23.94,32.9,41.87
7,1978,69.32,24.08,32.73,41.34
7,1979,56.11,24.2,33.72,43.28
7,1980,77.78,25.09,34.18,43.29
7,1981,60.07,26.23,35.17,44.09
7,1982,77.44,21.95,30.96,39.98
7,1983,59.4,24.99,33.84,42.7
7,1984,72.55,24.23,33.07,41.91
7,1985,62.82,21.59,30.26,38.93
7,1986,75.12,25.28,33.97,42.7
7,1987,55.0,26.34,35.48,44.61
7,1988,60.46,25.61,35.02,44.44
7,1989,83.87,22.52,31.09,39.69
7,1990,97.28,23.28,32.11,40.95
7,1991,65.15,23.8,33.1,42.42
7,1992,63.3,24.97,34.26,43.54
7,1993,63.36,22.68,31.44,40.22
7,1994,71.46,24.46,33.84,43.21
7,1995,91.17,23.41,32.38,41.35
7,1996,87.38,20.95,30.34,39.72
7,1997,74.0,24.05,32.98,41.87
7,1998,70.32,25.96,35.26,44.52
7,1999,78.75,25.87,34.14,42.41
7,2000,58.02,24.6,33.22,41.86
7,2001,57.17,25.53,34.25,42.98
7,2002,78.86,23.6,32.32,41.07
7,2003,66.16,25.85,35.1,44.38
7,2004,69.71,26.17,34.81,43.44
7,2005,64.84,25.03,34.2,43.35
7,2006,81.78,26.46,36.01,45.56
7,2007,66.15,26.01,35.46,44.91
7,2008,69.09,24.29,33.76,43.25
7,2009,66.44,23.98,33.52,43.11
7,2010,69.34,25.97,34.93,43.82
7,2011,83.74,24.5,33.65,42.78
7,2012,95.77,26.8,35.85,44.85
7,2013,69.68,25.87,35.04,44.21
7,2014,79.72,25.3,34.29,43.28
7,2015,60.21,27.69,36.74,45.82
8,1966,76.0,24.52,32.8,41.08
8,1967,79.09,24.64,33.06,41.47
8,1968,78.9,23.65,31.81,39.98
8,1969,62.2,24.12,32.54,40.99
8,1970,84.37,23.52,32.01,40.47
8,1971,77.05,23.18,31.42,39.65
8,1972,78.26,22.2,30.52,38.85
8,1973,66.5,23.83,32.36,40.88
8,1974,94.44,24.44,32.58,40.72
8,1975,94.7,22.25,30.15,38.05
8,1976,62.35,25.67,33.76,41.83
8,1977,57.93,23.6,31.93,40.25
8,1978,62.85,23.73,31.78,39.86
8,1979,47.29,24.23,32.94,41.62
8,1980,68.0,25.02,33.28,41.58
8,1981,59.07,25.87,34.12,42.37
8,1982,62.98,21.72,30.12,38.5
8,1983,52.37,24.48,32.81,41.15
8,1984,61.34,23.76,32.07,40.36
8,1985,58.55,21.64,29.88,38.14
8,1986,68.1,25.32,33.52,41.71
8,1987,51.4,26.34,34.92,43.47
8,1988,52.29,25.73,34.4,43.08
8,1989,74.27,22.47,30.69,38.89
8,1990,82.95,23.14,31.53,39.9
8,1991,62.14,23.71,32.48,41.25
8,1992,55.33,24.86,33.62,42.38
8,1993,57.78,22.66,30.98,39.3
8,1994,59.29,24.27,33.09,41.89
8,1995,80.78,23.23,31.74,40.23
8,1996,77.61,20.95,29.74,38.53
8,1997,66.03,23.92,32.29,40.69
8,1998,59.61,25.55,34.29,43.06
8,1999,66.03,25.34,33.25,41.19
8,2000,50.0,24.11,32.43,40.69
8,2001,48.84,25.07,33.47,41.85
8,2002,69.03,23.53,31.74,39.92
8,2003,54.89,25.67,34.51,43.35
8,2004,62.03,26.01,34.27,42.52
8,2005,60.67,25.02,33.58,42.16
8,2006,65.93,26.25,34.97,43.72
8,2007,53.34,25.69,34.46,43.23
8,2008,56.83,23.79,32.73,41.63
8,2009,54.49,23.53,32.47,41.42
8,2010,63.04,25.42,33.78,42.14
8,2011,73.04,23.92,32.52,41.08
8,2012,86.05,26.16,34.69,43.24
8,2013,61.97,25.52,34.12,42.72
8,2014,67.63,24.98,33.46,41.93
8,2015,51.17,27.53,36.09,44.66
9,1966,111.98,25.67,34.63,43.6
9,1967,106.16,25.62,34.81,44.01
9,1968,99.26,25.24,33.67,42.11
9,1969,78.13,25.56,34.39,43.22
9,1970,118.04,24.71,33.82,42.92
9,1971,103.81,24.41,33.18,41.95
9,1972,109.35,23.78,32.63,41.48
9,1973,92.25,25.45,34.42,43.4
9,1974,135.45,26.02,34.66,43.31
9,1975,132.69,23.58,31.92,40.25
9,1976,92.24,27.07,35.71,44.36
9,1977,90.41,25.23,34.06,42.92
9,1978,79.62,25.17,33.72,42.24
9,1979,73.01,25.84,35.04,44.23
9,1980,96.36,26.3,35.35,44.41
9,1981,72.93,27.64,36.4,45.16
9,1982,93.18,23.15,32.12,41.1
9,1983,67.57,26.05,34.86,43.64
9,1984,90.36,24.94,33.9,42.86
9,1985,80.08,22.58,31.37,40.18
9,1986,93.26,26.31,35.33,44.36
9,1987,68.83,27.34,36.72,46.08
9,1988,76.67,26.67,36.07,45.48
9,1989,106.72,23.54,32.43,41.34
9,1990,118.73,24.37,33.47,42.57
9,1991,84.1,24.95,34.34,43.72
9,1992,78.44,26.22,35.54,44.86
9,1993,72.1,23.82,32.66,41.51
9,1994,85.77,25.67,35.18,44.64
9,1995,111.47,24.66,33.72,42.74
9,1996,100.63,22.28,31.6,40.97
9,1997,89.43,25.35,34.2,43.06
9,1998,78.98,27.29,36.47,45.64
9,1999,93.15,26.93,35.31,43.69
9,2000,70.2,25.7,34.43,43.16
9,2001,69.7,26.61,35.48,44.33
9,2002,99.99,24.95,33.58,42.22
9,2003,74.18,27.16,36.27,45.38
9,2004,83.31,27.36,35.94,44.52
9,2005,77.97,26.35,35.39,44.44
9,2006,90.77,27.73,37.07,46.41
9,2007,72.89,27.37,36.63,45.9
9,2008,77.9,25.48,34.76,44.06
9,2009,78.21,25.24,34.63,44.03
9,2010,79.72,27.16,35.92,44.67
9,2011,96.47,25.69,34.6,43.56
9,2012,109.8,27.92,36.82,45.71
9,2013,79.68,27.13,36.14,45.17
9,2014,89.87,26.59,35.52,44.42
9,2015,73.29,28.99,38.1,47.22
10,1966,78.83,26.78,34.83,42.88
10,1967,75.85,26.72,34.93,43.18
10,1968,89.3,25.67,33.8,41.87
10,1969,59.07,26.48,34.83,43.17
10,1970,96.79,25.94,34.02,42.08
10,1971,92.75,25.5,33.45,41.4
10,1972,96.14,24.75,32.82,40.87
10,1973,71.98,26.03,34.32,42.58
10,1974,101.18,26.68,34.52,42.38
10,1975,94.47,24.3,31.95,39.6
10,1976,72.79,27.87,35.78,43.72
10,1977,70.46,26.15,34.12,42.08
10,1978,63.51,26.12,33.86,41.57
10,1979,59.15,27.2,35.51,43.82
10,1980,76.87,27.72,35.71,43.69
10,1981,57.81,28.49,36.51,44.5
10,1982,74.78,24.41,32.43,40.45
10,1983,60.46,27.06,34.95,42.83
10,1984,71.41,25.82,33.99,42.17
10,1985,59.67,23.87,32.19,40.5
10,1986,63.63,27.53,35.69,43.82
10,1987,53.93,28.41,36.76,45.11
10,1988,57.53,27.98,36.43,44.88
10,1989,79.64,24.61,32.7,40.78
10,1990,87.65,25.21,33.48,41.72
10,1991,68.53,25.78,34.09,42.42
10,1992,56.79,27.38,35.51,43.63
10,1993,59.4,24.38,32.3,40.19
10,1994,64.53,26.6,35.01,43.42
10,1995,82.94,25.68,33.58,41.49
10,1996,82.6,23.69,31.91,40.11
10,1997,72.11,25.94,33.92,41.89
10,1998,64.7,28.25,36.28,44.32
10,1999,68.28,27.28,35.12,42.98
10,2000,54.91,26.55,34.52,42.48
10,2001,54.99,27.35,35.49,43.62
10,2002,75.26,25.96,33.77,41.57
10,2003,62.72,28.21,36.23,44.24
10,2004,69.79,28.05,35.79,43.56
10,2005,66.39,27.16,35.38,43.58
10,2006,72.87,28.32,36.67,45.02
10,2007,58.0,28.18,36.42,44.69
10,2008,74.79,26.08,34.3,42.54
10,2009,61.2,26.32,34.64,43.0
10,2010,61.98,27.89,35.78,43.67
10,2011,81.05,26.19,34.17,42.13
10,2012,91.37,28.52,36.48,44.42
10,2013,63.74,28.02,35.87,43.74
10,2014,78.19,27.57,35.5,43.45
10,2015,50.55,30.1,38.33,46.56
11,1966,111.47,25.65,34.63,43.56
11,1967,105.75,25.6,34.79,43.98
11,1968,97.67,25.31,33.69,42.08
11,1969,77.37,25.56,34.37,43.16
11,1970,116.74,24.67,33.78,42.91
11,1971,102.15,24.4,33.15,41.91
11,1972,107.93,23.78,32.62,41.44
11,1973,91.46,25.5,34.43,43.38
11,1974,134.92,26.05,34.69,43.31
11,1975,132.26,23.6,31.91,40.21
11,1976,91.74,27.11,35.7,44.33
11,1977,89.72,25.24,34.08,42.92
11,1978,79.24,25.18,33.69,42.23
11,1979,72.81,25.82,35.02,44.2
11,1980,96.11,26.22,35.32,44.41
11,1981,72.63,27.67,36.4,45.11
11,1982,92.81,23.13,32.1,41.06
11,1983,66.99,26.07,34.86,43.64
11,1984,89.92,24.93,33.87,42.84
11,1985,79.73,22.53,31.33,40.1
11,1986,92.99,26.3,35.33,44.36
11,1987,68.53,27.33,36.71,46.09
11,1988,76.53,26.61,36.02,45.44
11,1989,106.46,23.55,32.42,41.33
11,1990,118.37,24.37,33.46,42.55
11,1991,84.02,24.98,34.35,43.7
11,1992,78.27,26.26,35.55,44.85
11,1993,71.45,23.83,32.69,41.53
11,1994,85.33,25.7,35.18,44.66
11,1995,111.21,24.71,33.72,42.73
11,1996,99.85,22.3,31.63,40.95
11,1997,88.89,25.39,34.23,43.03
11,1998,78.6,27.33,36.48,45.62
11,1999,92.72,26.98,35.32,43.67
11,2000,69.83,25.72,34.43,43.15
11,2001,69.22,26.67,35.48,44.33
11,2002,99.81,25.02,33.61,42.2
11,2003,73.51,27.23,36.31,45.37
11,2004,82.85,27.4,35.96,44.52
11,2005,77.29,26.39,35.43,44.45
11,2006,90.25,27.81,37.09,46.4
11,2007,72.57,27.42,36.66,45.92
11,2008,77.47,25.54,34.78,44.05
11,2009,77.69,25.3,34.65,44.04
11,2010,79.16,27.24,35.98,44.68
11,2011,95.9,25.73,34.65,43.56
11,2012,108.92,28.02,36.86,45.71
11,2013,79.03,27.19,36.2,45.16
11,2014,89.27,26.67,35.54,44.42
11,2015,73.14,29.05,38.13,47.23
12,1966,78.51,26.39,35.34,44.25
12,1967,82.29,26.65,35.8,44.97
12,1968,83.82,25.98,34.59,43.2
12,1969,63.38,25.66,34.76,43.9
12,1970,91.48,25.28,34.43,43.59
12,1971,84.68,24.93,33.82,42.72
12,1972,83.46,24.12,33.05,41.99
12,1973,72.88,25.91,34.96,43.98
12,1974,100.24,26.56,35.19,43.84
12,1975,96.26,24.23,32.59,40.96
12,1976,64.34,27.27,35.93,44.58
12,1977,61.38,25.39,34.28,43.17
12,1978,62.26,25.27,33.97,42.68
12,1979,52.43,25.77,35.14,44.51
12,1980,71.43,26.39,35.33,44.28
12,1981,59.17,27.67,36.4,45.12
12,1982,65.48,23.31,32.4,41.49
12,1983,55.57,26.26,35.12,43.98
12,1984,64.34,25.78,34.54,43.29
12,1985,58.09,23.51,32.21,40.93
12,1986,69.65,27.23,35.96,44.72
12,1987,51.0,28.16,37.43,46.68
12,1988,55.2,27.44,36.74,46.03
12,1989,75.06,24.62,33.3,41.98
12,1990,86.46,25.39,34.23,43.08
12,1991,65.26,25.87,35.04,44.2
12,1992,54.89,26.82,36.05,45.31
12,1993,57.44,24.58,33.34,42.09
12,1994,60.31,26.22,35.64,45.08
12,1995,83.77,25.32,34.19,43.03
12,1996,82.0,22.94,32.07,41.2
12,1997,68.54,25.87,34.63,43.42
12,1998,62.48,27.51,36.79,46.06
12,1999,68.71,27.3,35.77,44.21
12,2000,50.74,25.81,34.73,43.67
12,2001,49.78,26.89,35.83,44.75
12,2002,70.0,25.49,34.1,42.68
12,2003,58.57,27.5,36.81,46.12
12,2004,64.56,27.93,36.62,45.38
12,2005,62.85,26.88,35.88,44.88
12,2006,69.62,28.19,37.33,46.49
12,2007,57.71,27.5,36.78,46.1
12,2008,60.54,25.71,35.11,44.51
12,2009,56.05,25.31,34.86,44.39
12,2010,65.51,27.34,36.16,44.96
12,2011,76.87,25.98,34.98,43.93
12,2012,88.64,28.16,37.14,46.09
12,2013,62.72,27.53,36.64,45.74
12,2014,70.4,26.98,35.96,44.94
12,2015,53.04,29.32,38.63,47.93
13,1966,118.07,25.58,34.11,42.66
13,1967,111.24,25.53,34.3,43.05
13,1968,123.04,24.75,33.14,41.53
13,1969,88.47,25.28,34.01,42.76
13,1970,138.18,24.68,33.34,41.96
13,1971,131.05,24.3,32.72,41.18
13,1972,130.1,23.65,32.17,40.68
13,1973,104.54,25.09,33.77,42.44
13,1974,145.26,25.75,34.01,42.3
13,1975,135.87,23.34,31.34,39.37
13,1976,101.03,26.88,35.18,43.49
13,1977,101.15,25.11,33.52,41.93
13,1978,83.5,24.99,33.15,41.28
13,1979,79.28,26.17,34.76,43.34
13,1980,102.46,26.51,34.97,43.47
13,1981,77.59,27.46,35.85,44.28
13,1982,99.52,23.22,31.77,40.31
13,1983,77.99,25.96,34.34,42.72
13,1984,96.46,24.79,33.34,41.88
13,1985,83.43,22.57,31.17,39.73
13,1986,91.39,26.26,34.88,43.49
13,1987,72.06,27.23,36.12,45.02
13,1988,78.43,26.71,35.66,44.61
13,1989,107.73,23.42,31.92,40.44
13,1990,124.2,24.26,32.9,41.58
13,1991,89.03,24.92,33.73,42.57
13,1992,77.59,26.34,35.03,43.75
13,1993,76.58,23.58,31.98,40.38
13,1994,89.92,25.73,34.6,43.5
13,1995,113.82,24.69,33.16,41.62
13,1996,111.01,22.47,31.23,40.0
13,1997,98.48,25.31,33.68,42.05
13,1998,83.91,27.31,35.89,44.52
13,1999,97.48,26.63,34.72,42.8
13,2000,74.48,25.65,33.98,42.32
13,2001,75.49,26.52,34.97,43.4
13,2002,100.52,24.92,33.12,41.33
13,2003,83.63,27.19,35.79,44.38
13,2004,89.96,27.15,35.43,43.68
13,2005,86.58,26.23,34.92,43.58
13,2006,97.69,27.52,36.4,45.23
13,2007,77.41,27.26,36.02,44.78
13,2008,90.52,25.29,34.04,42.79
13,2009,82.37,25.22,34.1,42.99
13,2010,84.05,26.95,35.25,43.55
13,2011,105.82,25.52,33.93,42.34
13,2012,122.11,27.69,36.1,44.52
13,2013,87.49,27.11,35.57,44.02
13,2014,100.5,26.61,35.0,43.42
13,2015,72.77,29.09,37.7,46.32
14,1966,71.68,25.67,33.94,42.24
14,1967,73.61,26.07,34.37,42.71
14,1968,74.33,25.33,33.37,41.39
14,1969,57.89,24.88,33.41,41.9
14,1970,76.29,24.68,33.23,41.79
14,1971,70.72,24.42,32.67,40.96
14,1972,71.69,23.28,31.64,39.97
14,1973,62.63,25.32,33.79,42.24
14,1974,86.17,25.85,33.98,42.12
14,1975,88.35,23.58,31.34,39.1
14,1976,56.8,26.98,34.96,42.95
14,1977,54.12,25.01,33.22,41.44
14,1978,60.98,24.74,32.79,40.85
14,1979,45.09,25.16,33.85,42.54
14,1980,66.15,25.86,34.11,42.33
14,1981,57.66,27.23,35.29,43.38
14,1982,59.18,22.52,31.08,39.67
14,1983,49.83,25.88,34.12,42.35
14,1984,58.98,25.36,33.51,41.66
14,1985,57.55,23.17,31.28,39.38
14,1986,67.12,27.11,35.07,43.0
14,1987,50.96,28.06,36.53,44.99
14,1988,49.75,27.2,35.86,44.53
14,1989,70.52,24.27,32.35,40.43
14,1990,77.71,25.11,33.25,41.39
14,1991,61.09,25.65,34.14,42.6
14,1992,53.71,26.47,35.01,43.55
14,1993,55.7,24.29,32.33,40.43
14,1994,56.0,25.67,34.41,43.13
14,1995,78.02,25.01,33.18,41.34
14,1996,74.17,22.47,30.9,39.38
14,1997,63.54,25.78,33.82,41.87
14,1998,56.12,27.21,35.74,44.28
14,1999,61.98,27.1,34.83,42.58
14,2000,47.11,25.34,33.67,42.02
14,2001,46.42,26.61,34.89,43.22
14,2002,65.17,24.98,33.0,41.02
14,2003,52.19,26.74,35.94,45.13
14,2004,57.63,26.98,35.63,44.28
14,2005,58.12,26.03,34.89,43.76
14,2006,63.08,27.38,36.22,45.1
14,2007,50.03,26.83,35.74,44.68
14,2008,54.25,25.34,34.05,42.8
14,2009,50.6,24.91,33.65,42.4
14,2010,61.51,26.83,35.0,43.17
14,2011,71.13,25.32,33.73,42.12
14,2012,82.94,27.49,35.91,44.33
14,2013,59.26,26.83,35.37,43.9
14,2014,64.73,26.23,34.64,43.1
14,2015,48.92,28.54,37.27,45.98
15,1966,77.8,24.62,32.92,41.19
15,1967,80.17,24.83,33.23,41.62
15,1968,80.0,23.98,32.07,40.16
15,1969,63.01,24.12,32.59,41.07
15,1970,84.29,23.58,32.12,40.66
15,1971,76.92,23.27,31.59,39.88
15,1972,77.69,22.31,30.64,38.97
15,1973,68.42,24.01,32.56,41.1
15,1974,95.06,24.58,32.77,40.96
15,1975,95.85,22.48,30.34,38.21
15,1976,62.31,25.69,33.81,41.93
15,1977,58.45,23.68,32.04,40.39
15,1978,64.76,23.77,31.89,40.0
15,1979,47.8,24.14,32.93,41.69
15,1980,69.79,24.93,33.24,41.55
15,1981,60.5,25.95,34.2,42.46
15,1982,63.17,21.72,30.21,38.66
15,1983,53.15,24.64,32.98,41.34
15,1984,62.59,24.01,32.29,40.57
15,1985,60.4,21.82,30.13,38.42
15,1986,70.6,25.61,33.77,41.92
15,1987,52.74,26.61,35.18,43.74
15,1988,53.08,25.95,34.65,43.38
15,1989,75.38,22.82,31.05,39.24
15,1990,84.2,23.47,31.83,40.21
15,1991,64.31,23.98,32.74,41.49
15,1992,56.59,25.08,33.82,42.54
15,1993,58.65,22.8,31.18,39.52
15,1994,60.35,24.39,33.22,42.06
15,1995,82.94,23.43,31.91,40.38
15,1996,78.79,21.04,29.84,38.62
15,1997,67.45,24.09,32.48,40.86
15,1998,60.49,25.72,34.48,43.22
15,1999,67.02,25.51,33.47,41.43
15,2000,50.32,24.18,32.54,40.93
15,2001,49.52,25.24,33.66,42.07
15,2002,69.96,23.75,31.9,40.05
15,2003,56.23,25.82,34.83,43.85
15,2004,61.83,26.07,34.52,42.94
15,2005,61.46,25.17,33.83,42.52
15,2006,67.7,26.37,35.13,43.9
15,2007,53.74,25.83,34.63,43.45
15,2008,57.41,23.93,32.83,41.73
15,2009,54.64,23.66,32.55,41.43
15,2010,64.51,25.57,33.88,42.21
15,2011,74.96,24.05,32.6,41.15
15,2012,88.07,26.25,34.78,43.31
15,2013,62.97,25.57,34.22,42.87
15,2014,68.32,24.99,33.54,42.09
15,2015,52.24,27.49,36.2,44.88
16,1966,96.83,24.42,33.28,42.11
16,1967,96.92,24.46,33.47,42.48
16,1968,89.0,23.92,32.34,40.75
16,1969,70.15,24.26,33.07,41.87
16,1970,104.85,23.63,32.55,41.47
16,1971,91.91,23.08,31.81,40.54
16,1972,94.18,22.36,31.23,40.1
16,1973,79.89,24.06,32.98,41.91
16,1974,117.01,24.71,33.26,41.83
16,1975,114.03,22.47,30.67,38.91
16,1976,79.03,25.82,34.38,42.94
16,1977,74.24,23.71,32.58,41.43
16,1978,69.58,23.92,32.42,40.96
16,1979,56.48,24.11,33.5,42.89
16,1980,78.36,24.98,33.96,42.92
16,1981,60.08,25.98,34.83,43.67
16,1982,77.98,21.72,30.62,39.52
16,1983,59.53,24.69,33.47,42.22
16,1984,73.33,23.89,32.67,41.44
16,1985,63.37,21.33,29.94,38.52
16,1986,75.44,25.02,33.63,42.22
16,1987,55.26,26.09,35.1,44.11
16,1988,60.89,25.45,34.72,43.97
16,1989,84.87,22.28,30.74,39.21
16,1990,98.0,23.03,31.75,40.46
16,1991,65.42,23.5,32.72,41.95
16,1992,63.94,24.72,33.89,43.07
16,1993,63.83,22.4,31.11,39.78
16,1994,71.96,24.21,33.5,42.76
16,1995,91.89,23.12,32.01,40.89
16,1996,87.88,20.64,29.96,39.33
16,1997,74.58,23.75,32.59,41.46
16,1998,70.72,25.67,34.87,44.11
16,1999,79.41,25.57,33.76,41.96
16,2000,58.58,24.37,32.88,41.4
16,2001,57.73,25.27,33.88,42.51
16,2002,79.52,23.32,31.98,40.62
16,2003,66.72,25.57,34.72,43.9
16,2004,70.15,25.92,34.45,42.98
16,2005,65.16,24.75,33.82,42.89
16,2006,82.7,26.18,35.63,45.14
16,2007,66.87,25.7,35.08,44.43
16,2008,69.84,23.97,33.39,42.81
16,2009,67.1,23.68,33.18,42.66
16,2010,69.77,25.65,34.53,43.41
16,2011,84.28,24.17,33.27,42.34
16,2012,96.43,26.49,35.45,44.39
16,2013,70.05,25.58,34.64,43.76
16,2014,80.52,25.0,33.91,42.82
16,2015,60.78,27.38,36.33,45.31
17,1966,111.74,25.53,34.41,43.27
17,1967,107.22,25.57,34.63,43.7
17,1968,115.7,25.03,33.64,42.22
17,1969,84.15,25.15,34.22,43.32
17,1970,131.42,24.68,33.64,42.61
17,1971,124.45,24.29,33.07,41.82
17,1972,125.49,23.82,32.58,41.35
17,1973,99.2,25.36,34.22,43.09
17,1974,139.98,26.03,34.52,43.0
17,1975,130.95,23.64,31.76,39.88
17,1976,96.12,27.03,35.52,44.03
17,1977,96.65,25.35,33.95,42.58
17,1978,80.09,25.05,33.43,41.81
17,1979,75.61,26.17,35.01,43.84
17,1980,97.92,26.38,35.22,44.07
17,1981,74.29,27.63,36.29,44.97
17,1982,95.61,23.22,32.11,40.98
17,1983,74.53,26.17,34.76,43.33
17,1984,91.85,24.93,33.74,42.54
17,1985,79.29,22.52,31.36,40.21
17,1986,87.77,26.3,35.2,44.09
17,1987,69.05,27.14,36.41,45.66
17,1988,75.28,26.58,35.9,45.24
17,1989,103.11,23.42,32.21,41.02
17,1990,118.46,24.32,33.28,42.22
17,1991,85.52,25.07,34.13,43.21
17,1992,74.53,26.34,35.34,44.34
17,1993,73.39,23.8,32.37,40.94
17,1994,85.84,25.82,34.99,44.17
17,1995,109.14,24.86,33.54,42.21
17,1996,106.31,22.54,31.52,40.52
17,1997,94.02,25.47,34.03,42.61
17,1998,80.47,27.45,36.29,45.13
17,1999,92.92,26.85,35.12,43.42
17,2000,71.14,25.73,34.32,42.91
17,2001,72.0,26.64,35.32,44.01
17,2002,96.25,25.06,33.48,41.88
17,2003,79.72,27.33,36.18,45.03
17,2004,85.33,27.32,35.8,44.3
17,2005,82.29,26.34,35.28,44.18
17,2006,93.72,27.72,36.82,45.91
17,2007,73.51,27.4,36.44,45.46
17,2008,85.87,25.44,34.43,43.4
17,2009,78.11,25.35,34.5,43.62
17,2010,80.87,27.17,35.67,44.16
17,2011,101.25,25.78,34.38,42.96
17,2012,116.58,28.0,36.59,45.16
17,2013,83.65,27.36,36.03,44.68
17,2014,96.2,26.83,35.42,44.01
17,2015,69.56,29.26,38.12,46.99
18,1966,100.83,25.0,33.2,41.4
18,1967,106.45,25.17,33.55,41.94
18,1968,105.17,24.09,32.18,40.27
18,1969,79.78,24.62,32.97,41.31
18,1970,118.09,23.92,32.32,40.72
18,1971,108.09,23.58,31.72,39.88
18,1972,105.42,22.63,30.9,39.18
18,1973,92.3,24.26,32.69,41.12
18,1974,126.73,24.84,32.88,40.87
18,1975,121.65,22.57,30.48,38.38
18,1976,82.56,25.87,33.92,42.0
18,1977,76.89,23.89,32.17,40.46
18,1978,76.83,24.08,32.13,40.15
18,1979,66.98,24.85,33.39,41.97
18,1980,87.66,25.46,33.62,41.81
18,1981,71.1,26.28,34.41,42.54
18,1982,80.61,22.18,30.46,38.73
18,1983,67.86,24.91,33.11,41.29
18,1984,78.66,24.18,32.32,40.47
18,1985,69.0,22.15,30.3,38.43
18,1986,84.96,25.72,33.87,42.01
18,1987,62.09,26.77,35.28,43.79
18,1988,67.03,26.17,34.69,43.25
18,1989,90.83,23.08,31.17,39.26
18,1990,106.7,23.67,31.95,40.24
18,1991,81.12,24.16,32.82,41.45
18,1992,66.73,25.43,34.04,42.67
18,1993,68.66,23.07,31.35,39.63
18,1994,76.43,24.81,33.51,42.21
18,1995,101.17,23.75,32.13,40.52
18,1996,100.03,21.49,30.13,38.76
18,1997,83.89,24.35,32.62,40.91
18,1998,77.0,26.03,34.62,43.22
18,1999,86.61,25.63,33.52,41.41
18,2000,63.16,24.58,32.75,40.95
18,2001,61.11,25.51,33.78,42.04
18,2002,87.75,24.04,32.13,40.24
18,2003,73.16,26.16,34.82,43.47
18,2004,77.5,26.55,34.61,42.65
18,2005,74.07,25.57,33.91,42.25
18,2006,85.47,26.8,35.27,43.71
18,2007,72.32,26.18,34.7,43.28
18,2008,74.17,24.22,32.96,41.71
18,2009,68.79,24.05,32.87,41.68
18,2010,77.41,25.78,34.04,42.29
18,2011,94.22,24.35,32.8,41.24
18,2012,108.81,26.55,34.94,43.32
18,2013,76.76,25.97,34.47,42.96
18,2014,84.17,25.45,33.88,42.28
18,2015,65.38,27.94,36.49,45.06
19,1966,115.53,24.94,33.63,42.32
19,1967,111.8,24.91,33.83,42.71
19,1968,117.94,24.28,32.85,41.4
19,1969,86.6,24.58,33.56,42.55
19,1970,136.24,24.18,32.97,41.72
19,1971,128.63,23.77,32.38,40.97
19,1972,130.04,23.23,31.86,40.52
19,1973,101.6,24.67,33.41,42.17
19,1974,144.21,25.3,33.68,42.02
19,1975,136.12,22.9,30.95,39.0
19,1976,97.36,26.43,34.81,43.21
19,1977,99.03,24.68,33.15,41.63
19,1978,83.31,24.57,32.75,40.94
19,1979,78.69,25.66,34.34,43.01
19,1980,101.56,26.04,34.62,43.18
19,1981,76.94,27.01,35.53,44.08
19,1982,99.11,22.64,31.35,40.07
19,1983,76.83,25.51,34.01,42.49
19,1984,94.56,24.23,32.95,41.65
19,1985,81.79,21.94,30.69,39.44
19,1986,91.12,25.71,34.39,43.12
19,1987,71.65,26.62,35.63,44.66
19,1988,77.37,26.15,35.23,44.31
19,1989,105.6,22.84,31.47,40.09
19,1990,120.41,23.68,32.52,41.32
19,1991,88.91,24.37,33.31,42.3
19,1992,77.48,25.76,34.57,43.41
19,1993,75.27,23.1,31.58,40.05
19,1994,89.02,25.19,34.19,43.17
19,1995,112.35,24.16,32.71,41.27
19,1996,109.44,21.84,30.77,39.69
19,1997,97.27,24.77,33.25,41.74
19,1998,82.55,26.79,35.5,44.23
19,1999,96.14,26.21,34.38,42.51
19,2000,73.73,25.18,33.59,42.01
19,2001,74.22,26.06,34.59,43.12
19,2002,99.97,24.41,32.73,41.03
19,2003,82.49,26.68,35.39,44.12
19,2004,86.69,26.65,35.02,43.39
19,2005,84.26,25.68,34.48,43.3
19,2006,96.74,27.04,36.02,45.0
19,2007,75.49,26.75,35.62,44.49
19,2008,87.43,24.81,33.63,42.5
19,2009,79.86,24.73,33.72,42.69
19,2010,83.44,26.52,34.9,43.32
19,2011,104.4,25.02,33.55,42.09
19,2012,119.77,27.23,35.74,44.28
19,2013,86.34,26.6,35.19,43.76
19,2014,98.7,26.09,34.61,43.09
19,2015,71.85,28.58,37.29,46.02
20,1966,69.01,25.73,35.17,44.61
20,1967,73.79,25.92,35.53,45.15
20,1968,74.31,26.1,35.2,44.34
20,1969,54.64,24.84,35.02,45.2
20,1970,88.15,25.49,34.96,44.43
20,1971,84.87,24.87,34.32,43.8
20,1972,90.26,24.98,34.22,43.46
20,1973,60.28,26.4,35.57,44.75
20,1974,92.71,27.15,35.92,44.71
20,1975,87.31,24.8,32.88,40.98
20,1976,58.67,27.92,36.72,45.51
20,1977,65.38,26.57,35.41,44.25
20,1978,55.72,25.98,34.58,43.16
20,1979,53.14,26.61,35.93,45.24
20,1980,68.22,26.86,36.28,45.72
20,1981,52.32,28.69,37.75,46.84
20,1982,67.5,23.95,33.47,42.97
20,1983,53.15,27.53,36.29,45.05
20,1984,64.04,25.97,35.16,44.35
20,1985,54.34,23.32,32.63,41.95
20,1986,58.35,27.43,36.46,45.46
20,1987,48.63,28.08,37.58,47.08
20,1988,52.8,27.77,37.26,46.79
20,1989,72.03,24.08,33.28,42.49
20,1990,78.49,25.0,34.41,43.78
20,1991,61.44,26.21,35.46,44.72
20,1992,52.21,27.46,36.59,45.72
20,1993,52.45,25.14,33.68,42.22
20,1994,58.7,27.03,36.33,45.61
20,1995,75.29,26.17,34.82,43.5
20,1996,74.87,23.52,32.65,41.8
20,1997,64.15,26.71,35.3,43.94
20,1998,57.8,28.69,37.61,46.56
20,1999,61.94,28.17,36.58,45.03
20,2000,48.02,26.82,35.65,44.48
20,2001,48.45,27.81,36.7,45.59
20,2002,67.1,26.32,34.79,43.27
20,2003,55.15,28.73,37.67,46.57
20,2004,58.37,28.45,37.15,45.87
20,2005,56.55,27.58,36.68,45.78
20,2006,65.44,29.12,38.26,47.38
20,2007,51.17,28.59,37.83,47.04
20,2008,64.33,26.54,35.59,44.65
20,2009,55.06,26.58,35.82,45.08
20,2010,55.77,28.47,37.0,45.53
20,2011,70.87,27.07,35.67,44.27
20,2012,77.55,29.37,38.03,46.67
20,2013,57.0,28.68,37.38,46.08
20,2014,69.07,28.05,36.68,45.32
20,2015,46.03,30.48,39.57,48.63
21,1966,72.64,23.76,32.01,40.32
21,1967,73.39,23.83,32.23,40.59
21,1968,72.83,22.98,31.18,39.39
21,1969,56.81,23.4,31.87,40.34
21,1970,73.74,22.91,31.47,40.02
21,1971,69.2,22.46,30.8,39.15
21,1972,70.81,21.33,29.68,38.01
21,1973,59.03,23.16,31.82,40.47
21,1974,82.08,23.68,31.97,40.26
21,1975,88.13,21.67,29.57,37.48
21,1976,56.35,25.19,33.28,41.4
21,1977,53.1,23.14,31.44,39.72
21,1978,60.03,23.03,31.12,39.21
21,1979,43.93,23.58,32.31,41.06
21,1980,64.95,24.42,32.78,41.13
21,1981,56.89,25.32,33.68,42.02
21,1982,60.89,20.95,29.42,37.89
21,1983,49.4,23.86,32.35,40.83
21,1984,59.08,23.29,31.65,40.03
21,1985,56.98,21.2,29.68,38.12
21,1986,65.61,25.0,33.23,41.47
21,1987,50.18,25.85,34.57,43.28
21,1988,49.68,25.15,33.93,42.74
21,1989,71.11,21.96,30.37,38.75
21,1990,77.93,22.78,31.25,39.72
21,1991,58.4,23.15,32.02,40.92
21,1992,52.6,24.33,33.15,41.96
21,1993,54.66,22.05,30.52,39.01
21,1994,55.59,23.64,32.51,41.38
21,1995,76.42,22.72,31.32,39.91
21,1996,72.32,20.25,29.16,38.04
21,1997,63.13,23.38,31.9,40.39
21,1998,55.2,25.02,33.83,42.58
21,1999,61.88,24.8,32.78,40.78
21,2000,48.04,23.56,31.97,40.34
21,2001,46.84,24.6,33.1,41.57
21,2002,63.65,23.04,31.24,39.43
21,2003,51.13,25.25,33.99,42.77
21,2004,58.79,25.48,33.7,41.91
21,2005,58.05,24.7,33.05,41.42
21,2006,60.33,25.83,34.37,42.91
21,2007,47.65,25.17,33.83,42.51
21,2008,52.94,23.22,32.09,40.97
21,2009,51.19,23.02,31.77,40.52
21,2010,61.1,24.83,33.1,41.34
21,2011,68.91,23.33,31.82,40.32
21,2012,80.88,25.56,34.06,42.58
21,2013,60.23,24.81,33.44,42.08
21,2014,65.43,24.28,32.83,41.4
21,2015,48.49,26.74,35.43,44.09
22,1966,92.82,25.64,34.77,43.83
22,1967,89.46,25.69,34.95,44.27
22,1968,82.55,25.39,33.88,42.36
22,1969,65.09,25.58,34.5,43.4
22,1970,98.07,24.74,33.95,43.18
22,1971,84.98,24.42,33.3,42.15
22,1972,89.45,23.81,32.75,41.68
22,1973,76.34,25.55,34.61,43.63
22,1974,112.45,26.12,34.85,43.6
22,1975,110.52,23.64,32.05,40.45
22,1976,76.53,27.13,35.86,44.56
22,1977,74.19,25.18,34.17,43.16
22,1978,67.54,25.14,33.82,42.48
22,1979,58.55,25.59,35.04,44.52
22,1980,79.64,26.07,35.3,44.54
22,1981,60.21,27.47,36.36,45.23
22,1982,77.92,23.07,32.13,41.21
22,1983,57.54,26.04,34.98,43.94
22,1984,74.84,24.93,34.0,43.06
22,1985,66.09,22.39,31.3,40.19
22,1986,77.16,26.28,35.32,44.3
22,1987,56.66,27.25,36.67,46.11
22,1988,63.22,26.49,36.1,45.71
22,1989,88.58,23.5,32.39,41.26
22,1990,98.79,24.34,33.44,42.52
22,1991,68.99,24.95,34.38,43.81
22,1992,65.19,26.19,35.55,44.92
22,1993,61.66,23.83,32.71,41.57
22,1994,71.19,25.63,35.21,44.78
22,1995,93.31,24.69,33.75,42.82
22,1996,85.74,22.18,31.61,41.04
22,1997,74.29,25.34,34.26,43.17
22,1998,67.64,27.28,36.55,45.84
22,1999,77.43,27.02,35.42,43.83
22,2000,58.11,25.71,34.48,43.26
22,2001,57.83,26.62,35.52,44.4
22,2002,81.87,24.9,33.64,42.37
22,2003,63.05,27.17,36.38,45.63
22,2004,69.98,27.37,36.07,44.72
22,2005,65.38,26.29,35.49,44.65
22,2006,78.16,27.77,37.22,46.7
22,2007,62.75,27.32,36.74,46.17
22,2008,66.88,25.49,34.92,44.36
22,2009,65.51,25.21,34.75,44.29
22,2010,68.08,27.23,36.09,44.92
22,2011,81.45,25.73,34.78,43.85
22,2012,92.82,28.04,37.0,45.97
22,2013,67.4,27.17,36.28,45.41
22,2014,78.18,26.59,35.59,44.58
22,2015,60.98,28.93,38.12,47.32
23,1966,88.09,24.13,32.89,41.64
23,1967,88.33,24.21,33.07,41.92
23,1968,82.0,23.59,31.98,40.34
23,1969,64.05,23.95,32.67,41.38
23,1970,94.04,23.22,32.11,41.01
23,1971,82.98,22.75,31.39,40.04
23,1972,85.53,21.91,30.68,39.43
23,1973,72.57,23.76,32.6,41.48
23,1974,105.15,24.32,32.86,41.37
23,1975,104.64,22.0,30.18,38.35
23,1976,71.4,25.52,33.98,42.45
23,1977,67.2,23.58,32.25,40.95
23,1978,65.51,23.51,31.92,40.33
23,1979,54.43,23.89,33.06,42.19
23,1980,73.94,24.61,33.47,42.32
23,1981,58.71,25.76,34.43,43.08
23,1982,72.85,21.34,30.19,39.03
23,1983,55.9,24.42,33.11,41.81
23,1984,69.3,23.69,32.35,40.98
23,1985,60.44,21.24,29.72,38.24
23,1986,72.27,24.82,33.45,42.08
23,1987,53.45,25.89,34.9,43.95
23,1988,58.12,25.12,34.34,43.55
23,1989,81.09,22.01,30.52,39.02
23,1990,91.64,22.81,31.55,40.28
23,1991,64.46,23.41,32.52,41.61
23,1992,60.08,24.54,33.67,42.78
23,1993,59.2,22.33,30.93,39.56
23,1994,66.79,23.97,33.21,42.44
23,1995,86.92,23.04,31.85,40.65
23,1996,82.63,20.62,29.77,38.91
23,1997,69.61,23.69,32.41,41.11
23,1998,65.38,25.49,34.58,43.67
23,1999,72.98,25.35,33.51,41.67
23,2000,54.48,24.03,32.55,41.07
23,2001,53.12,25.01,33.62,42.23
23,2002,75.77,23.23,31.73,40.25
23,2003,60.49,25.42,34.47,43.52
23,2004,65.78,25.67,34.17,42.66
23,2005,61.74,24.65,33.57,42.51
23,2006,74.26,25.98,35.25,44.53
23,2007,59.14,25.55,34.78,43.99
23,2008,63.05,23.79,33.05,42.28
23,2009,60.8,23.51,32.84,42.19
23,2010,65.01,25.48,34.16,42.85
23,2011,78.16,24.03,32.9,41.78
23,2012,88.76,26.31,35.1,43.89
23,2013,64.65,25.45,34.4,43.33
23,2014,74.56,24.87,33.66,42.46
23,2015,56.71,27.28,36.18,45.07
24,1966,141.15,24.4,33.02,41.65
24,1967,133.85,24.34,33.16,41.97
24,1968,127.81,23.58,31.92,40.26
24,1969,99.19,24.27,32.89,41.52
24,1970,152.3,23.51,32.27,41.03
24,1971,136.57,23.14,31.62,40.1
24,1972,141.73,22.42,31.02,39.62
24,1973,117.43,23.91,32.7,41.46
24,1974,169.71,24.51,32.92,41.32
24,1975,164.87,22.13,30.29,38.47
24,1976,117.06,25.73,34.13,42.54
24,1977,114.1,23.81,32.4,40.95
24,1978,97.8,23.94,32.19,40.44
24,1979,92.62,24.93,33.64,42.36
24,1980,118.33,25.36,34.01,42.66
24,1981,89.39,26.28,34.79,43.33
24,1982,115.78,21.96,30.64,39.31
24,1983,85.16,24.62,33.22,41.8
24,1984,111.81,23.55,32.26,40.93
24,1985,96.94,21.38,30.02,38.61
24,1986,113.58,25.06,33.82,42.58
24,1987,84.28,26.1,35.14,44.18
24,1988,93.37,25.59,34.59,43.57
24,1989,128.81,22.28,30.93,39.58
24,1990,145.44,23.02,31.86,40.72
24,1991,103.81,23.58,32.69,41.82
24,1992,94.26,24.99,33.97,42.97
24,1993,86.87,22.57,31.18,39.78
24,1994,106.72,24.39,33.57,42.75
24,1995,134.69,23.27,32.08,40.9
24,1996,124.25,20.98,30.09,39.22
24,1997,111.07,23.95,32.62,41.28
24,1998,95.55,25.89,34.8,43.72
24,1999,115.79,25.41,33.63,41.84
24,2000,86.79,24.41,32.88,41.36
24,2001,86.44,25.32,33.91,42.52
24,2002,121.65,23.58,32.02,40.47
24,2003,93.21,25.82,34.66,43.52
24,2004,102.12,26.01,34.34,42.68
24,2005,96.61,25.02,33.83,42.6
24,2006,111.96,26.26,35.35,44.42
24,2007,88.96,25.98,34.94,43.92
24,2008,94.47,24.03,33.05,42.08
24,2009,96.37,23.9,32.98,42.08
24,2010,96.28,25.7,34.23,42.78
24,2011,118.71,24.17,32.9,41.62
24,2012,136.74,26.42,35.08,43.76
24,2013,99.69,25.7,34.46,43.22
24,2014,108.71,25.18,33.88,42.58
24,2015,88.61,27.67,36.49,45.32
25,1966,131.89,24.18,32.19,40.2
25,1967,125.0,24.07,32.27,40.47
25,1968,135.97,23.02,31.09,39.18
25,1969,98.2,24.05,32.28,40.53
25,1970,155.88,23.29,31.42,39.57
25,1971,147.09,22.91,30.84,38.78
25,1972,147.03,22.08,30.19,38.32
25,1973,115.66,23.46,31.67,39.91
25,1974,162.56,24.02,31.89,39.75
25,1975,153.24,21.62,29.35,37.07
25,1976,111.5,25.33,33.25,41.19
25,1977,112.36,23.45,31.46,39.47
25,1978,94.02,23.58,31.3,39.03
25,1979,89.68,24.8,32.89,41.02
25,1980,115.21,25.27,33.19,41.13
25,1981,85.78,25.85,33.89,41.9
25,1982,111.59,21.82,29.9,37.97
25,1983,86.08,24.31,32.35,40.36
25,1984,107.02,23.22,31.35,39.48
25,1985,92.1,21.42,29.52,37.62
25,1986,101.67,24.94,33.11,41.24
25,1987,80.29,26.02,34.36,42.68
25,1988,87.43,25.43,33.82,42.21
25,1989,118.95,22.18,30.23,38.27
25,1990,136.09,22.88,31.09,39.32
25,1991,99.67,23.45,31.86,40.28
25,1992,86.3,25.04,33.25,41.46
25,1993,84.34,22.17,30.23,38.3
25,1994,100.24,24.37,32.74,41.1
25,1995,125.19,23.26,31.32,39.38
25,1996,122.63,21.17,29.52,37.87
25,1997,110.26,23.93,31.91,39.9
25,1998,92.35,25.83,33.98,42.12
25,1999,108.92,25.04,32.75,40.45
25,2000,83.74,24.27,32.15,40.03
25,2001,84.3,25.13,33.14,41.14
25,2002,112.69,23.48,31.32,39.15
25,2003,93.32,25.72,33.89,42.06
25,2004,98.25,25.67,33.53,41.39
25,2005,94.97,24.82,33.06,41.28
25,2006,108.45,25.98,34.4,42.81
25,2007,85.16,25.78,34.07,42.34
25,2008,100.56,23.75,32.07,40.36
25,2009,90.09,23.82,32.2,40.58
25,2010,93.55,25.33,33.28,41.23
25,2011,118.04,23.85,31.91,39.98
25,2012,135.59,25.97,34.06,42.1
25,2013,97.45,25.51,33.59,41.64
25,2014,110.44,25.1,33.11,41.12
25,2015,80.19,27.65,35.78,43.9
26,1966,112.21,24.45,32.62,40.81
26,1967,117.73,24.48,32.88,41.26
26,1968,115.2,23.39,31.53,39.67
26,1969,87.5,24.2,32.49,40.78
26,1970,131.33,23.42,31.78,40.13
26,1971,118.75,23.08,31.17,39.24
26,1972,115.26,22.13,30.38,38.6
26,1973,101.95,23.65,32.07,40.45
26,1974,142.09,24.26,32.27,40.28
26,1975,137.02,21.89,29.82,37.75
26,1976,93.38,25.48,33.47,41.48
26,1977,86.16,23.42,31.67,39.9
26,1978,83.39,23.64,31.61,39.63
26,1979,71.43,24.34,32.89,41.42
26,1980,94.3,25.02,33.19,41.34
26,1981,74.83,25.78,33.9,42.02
26,1982,87.52,21.83,30.01,38.21
26,1983,72.91,24.3,32.5,40.71
26,1984,84.67,23.55,31.73,39.92
26,1985,73.46,21.69,29.72,37.73
26,1986,91.26,25.17,33.25,41.35
26,1987,66.23,26.18,34.57,42.98
26,1988,71.96,25.52,34.06,42.57
26,1989,98.42,22.35,30.39,38.45
26,1990,116.65,23.07,31.28,39.48
26,1991,85.02,23.71,32.23,40.76
26,1992,72.76,24.98,33.49,42.04
26,1993,73.97,22.81,30.91,39.01
26,1994,85.02,24.42,32.98,41.56
26,1995,107.83,23.48,31.63,39.85
26,1996,106.12,21.27,29.73,38.18
26,1997,90.02,23.98,32.17,40.37
26,1998,84.77,25.63,34.15,42.65
26,1999,95.26,25.15,32.96,40.8
26,2000,69.13,24.18,32.26,40.33
26,2001,66.85,25.18,33.3,41.45
26,2002,95.85,23.52,31.62,39.7
26,2003,79.83,25.71,34.28,42.83
26,2004,83.21,26.03,34.03,42.04
26,2005,78.25,25.1,33.43,41.75
26,2006,93.73,26.28,34.77,43.28
26,2007,78.33,25.68,34.26,42.82
26,2008,78.55,23.72,32.46,41.19
26,2009,76.93,23.63,32.42,41.2
26,2010,81.73,25.28,33.54,41.79
26,2011,100.62,23.87,32.28,40.72
26,2012,117.55,26.12,34.44,42.78
26,2013,82.7,25.65,33.97,42.32
26,2014,90.92,25.18,33.4,41.62
26,2015,71.04,27.75,36.02,44.32
27,1966,106.45,25.23,34.11,42.99
27,1967,104.58,25.25,34.32,43.41
27,1968,109.6,24.73,33.45,42.15
27,1969,80.71,24.78,34.03,43.28
27,1970,127.08,24.55,33.5,42.44
27,1971,120.45,24.11,32.9,41.7
27,1972,122.57,23.67,32.45,41.24
27,1973,94.12,25.08,33.98,42.87
27,1974,134.54,25.75,34.25,42.77
27,1975,126.63,23.34,31.48,39.59
27,1976,89.9,26.82,35.32,43.87
27,1977,92.19,25.15,33.73,42.32
27,1978,77.94,24.97,33.28,41.6
27,1979,73.49,25.96,34.81,43.66
27,1980,95.06,26.34,35.08,43.82
27,1981,72.03,27.41,36.08,44.78
27,1982,92.82,22.98,31.87,40.77
27,1983,72.21,25.99,34.59,43.18
27,1984,88.25,24.65,33.51,42.35
27,1985,76.28,22.23,31.18,40.1
27,1986,84.99,26.05,34.88,43.72
27,1987,67.27,26.92,36.11,45.29
27,1988,72.29,26.49,35.74,45.02
27,1989,98.68,23.14,31.91,40.7
27,1990,112.08,24.02,32.99,41.97
27,1991,83.55,24.73,33.83,42.92
27,1992,72.46,26.08,35.05,44.02
27,1993,70.72,23.48,32.04,40.6
27,1994,83.12,25.54,34.68,43.81
27,1995,105.61,24.51,33.2,41.88
27,1996,102.76,22.16,31.23,40.28
27,1997,90.98,25.09,33.72,42.36
27,1998,77.54,27.17,36.01,44.88
27,1999,89.29,26.62,34.9,43.19
27,2000,68.86,25.54,34.09,42.66
27,2001,69.06,26.41,35.09,43.75
27,2002,93.4,24.79,33.22,41.65
27,2003,77.47,27.03,35.93,44.78
27,2004,81.24,27.02,35.52,44.06
27,2005,79.22,26.05,34.99,43.92
27,2006,90.77,27.42,36.53,45.67
27,2007,70.34,27.12,36.14,45.18
27,2008,82.5,25.17,34.15,43.14
27,2009,74.52,25.07,34.22,43.35
27,2010,78.74,26.9,35.44,43.97
27,2011,97.72,25.42,34.07,42.72
27,2012,111.57,27.66,36.28,44.93
27,2013,80.75,26.98,35.71,44.42
27,2014,93.34,26.46,35.08,43.72
27,2015,67.15,28.92,37.8,46.71
28,1966,103.06,25.81,34.84,43.88
28,1967,97.72,25.77,35.02,44.28
28,1968,91.78,25.35,33.86,42.38
28,1969,72.05,25.67,34.61,43.48
28,1970,108.69,24.83,34.02,43.2
28,1971,95.24,24.58,33.38,42.2
28,1972,100.34,23.94,32.83,41.74
28,1973,84.75,25.57,34.62,43.69
28,1974,124.41,26.12,34.84,43.58
28,1975,122.28,23.69,32.13,40.52
28,1976,84.7,27.18,35.91,44.61
28,1977,83.25,25.3,34.23,43.18
28,1978,74.07,25.29,33.91,42.5
28,1979,66.61,25.88,35.22,44.52
28,1980,88.95,26.37,35.5,44.66
28,1981,67.57,27.74,36.56,45.38
28,1982,86.13,23.25,32.29,41.33
28,1983,62.82,26.15,35.04,43.95
28,1984,83.49,25.08,34.1,43.11
28,1985,74.18,22.66,31.52,40.39
28,1986,86.37,26.38,35.47,44.53
28,1987,63.68,27.42,36.84,46.28
28,1988,70.97,26.77,36.24,45.75
28,1989,99.03,23.65,32.59,41.51
28,1990,109.86,24.48,33.62,42.77
28,1991,77.47,25.0,34.48,43.96
28,1992,72.69,26.26,35.66,45.1
28,1993,67.56,23.83,32.78,41.7
28,1994,79.18,25.72,35.29,44.87
28,1995,103.56,24.68,33.84,42.96
28,1996,93.85,22.25,31.73,41.19
28,1997,82.73,25.34,34.32,43.28
28,1998,73.77,27.3,36.61,45.92
28,1999,85.99,27.01,35.48,43.92
28,2000,64.89,25.75,34.56,43.38
28,2001,64.43,26.65,35.58,44.55
28,2002,92.21,24.98,33.72,42.45
28,2003,68.92,27.19,36.41,45.64
28,2004,77.4,27.44,36.1,44.77
28,2005,72.45,26.37,35.52,44.68
28,2006,84.71,27.78,37.26,46.71
28,2007,67.94,27.41,36.8,46.17
28,2008,72.69,25.54,34.94,44.35
28,2009,72.53,25.27,34.76,44.28
28,2010,74.56,27.23,36.1,44.96
28,2011,89.72,25.73,34.78,43.82
28,2012,101.99,28.0,36.99,45.99
28,2013,74.0,27.16,36.28,45.44
28,2014,84.5,26.6,35.63,44.64
28,2015,67.83,28.95,38.2,47.42
29,1966,134.51,24.28,32.71,41.14
29,1967,128.82,24.24,32.78,41.32
29,1968,121.04,23.58,31.71,39.83
29,1969,93.71,24.25,32.62,41.03
29,1970,145.12,23.35,32.02,40.67
29,1971,129.67,23.04,31.34,39.66
29,1972,134.98,22.1,30.48,38.89
29,1973,111.1,23.79,32.51,41.21
29,1974,161.7,24.28,32.68,41.09
29,1975,156.65,21.92,30.04,38.14
29,1976,110.9,25.63,33.95,42.29
29,1977,108.57,23.77,32.18,40.6
29,1978,93.09,23.54,31.7,39.84
29,1979,89.73,24.78,33.21,41.65
29,1980,113.17,25.17,33.7,42.2
29,1981,85.53,26.27,34.74,43.18
29,1982,111.62,21.82,30.43,39.02
29,1983,83.12,24.56,33.07,41.62
29,1984,107.2,23.66,32.23,40.81
29,1985,91.81,21.62,30.29,38.98
29,1986,107.68,25.2,33.88,42.53
29,1987,80.49,26.31,35.17,44.03
29,1988,89.16,25.64,34.43,43.23
29,1989,121.61,22.3,31.0,39.66
29,1990,138.22,23.02,31.87,40.72
29,1991,100.26,23.66,32.67,41.68
29,1992,89.69,25.09,34.0,42.91
29,1993,81.97,22.88,31.42,39.95
29,1994,101.45,24.39,33.51,42.63
29,1995,127.73,23.28,32.06,40.84
29,1996,119.85,21.11,30.09,39.07
29,1997,106.42,24.05,32.63,41.19
29,1998,90.86,25.9,34.67,43.4
29,1999,109.95,25.37,33.53,41.68
29,2000,82.54,24.37,32.85,41.28
29,2001,82.37,25.32,33.88,42.46
29,2002,115.84,23.68,32.01,40.32
29,2003,89.36,25.86,34.58,43.29
29,2004,97.8,26.08,34.24,42.45
29,2005,92.02,25.25,33.77,42.23
29,2006,106.97,26.32,35.03,43.74
29,2007,84.47,25.98,34.73,43.48
29,2008,89.85,23.99,32.78,41.58
29,2009,90.91,23.93,32.69,41.48
29,2010,91.77,25.63,33.89,42.16
29,2011,113.98,24.15,32.57,40.97
29,2012,132.13,26.36,34.8,43.26
29,2013,96.16,25.68,34.22,42.77
29,2014,105.4,25.15,33.71,42.26
29,2015,84.32,27.67,36.41,45.14
30,1966,100.57,24.37,33.22,42.08
30,1967,102.86,24.46,33.47,42.46
30,1968,95.71,23.77,32.29,40.8
30,1969,74.63,24.17,33.03,41.88
30,1970,110.28,23.56,32.49,41.44
30,1971,98.32,23.02,31.76,40.49
30,1972,98.57,22.26,31.15,40.06
30,1973,84.37,23.87,32.83,41.81
30,1974,121.79,24.6,33.18,41.76
30,1975,118.84,22.3,30.63,38.98
30,1976,81.5,25.72,34.29,42.87
30,1977,75.67,23.51,32.39,41.3
30,1978,73.14,23.78,32.31,40.84
30,1979,59.06,23.88,33.31,42.73
30,1980,81.21,24.85,33.81,42.75
30,1981,63.7,25.86,34.67,43.5
30,1982,80.89,21.63,30.55,39.48
30,1983,62.7,24.62,33.39,42.13
30,1984,74.76,23.88,32.62,41.33
30,1985,65.04,21.29,29.9,38.52
30,1986,78.62,24.89,33.53,42.2
30,1987,57.3,26.01,35.03,44.06
30,1988,63.08,25.41,34.65,43.92
30,1989,86.36,22.16,30.68,39.2
30,1990,101.61,22.91,31.68,40.44
30,1991,68.35,23.38,32.64,41.9
30,1992,65.18,24.54,33.8,43.05
30,1993,65.46,22.28,31.01,39.76
30,1994,74.67,24.05,33.35,42.68
30,1995,94.84,22.97,31.92,40.87
30,1996,91.37,20.52,29.91,39.3
30,1997,77.0,23.59,32.49,41.4
30,1998,73.48,25.47,34.74,44.0
30,1999,82.44,25.4,33.65,41.9
30,2000,60.56,24.16,32.74,41.34
30,2001,59.36,25.08,33.76,42.45
30,2002,81.67,23.17,31.89,40.58
30,2003,69.18,25.41,34.63,43.87
30,2004,72.93,25.8,34.37,42.94
30,2005,67.46,24.62,33.75,42.85
30,2006,84.67,26.04,35.51,45.01
30,2007,68.75,25.58,34.97,44.34
30,2008,71.49,23.83,33.27,42.71
30,2009,69.32,23.52,33.02,42.56
30,2010,72.25,25.49,34.42,43.29
30,2011,87.46,24.01,33.13,42.27
30,2012,100.56,26.33,35.33,44.33
30,2013,72.64,25.42,34.55,43.68
30,2014,82.02,24.82,33.79,42.75
30,2015,62.3,27.23,36.27,45.26
31,1966,138.42,23.98,32.42,40.85
31,1967,131.84,23.93,32.5,41.08
31,1968,119.04,23.25,31.36,39.44
31,1969,95.46,24.0,32.33,40.66
31,1970,145.7,23.08,31.7,40.29
31,1971,126.85,22.76,31.03,39.29
31,1972,136.0,21.86,30.24,38.62
31,1973,112.62,23.51,32.15,40.82
31,1974,166.46,23.99,32.33,40.68
31,1975,161.63,21.61,29.71,37.83
31,1976,113.7,25.33,33.62,41.89
31,1977,110.34,23.42,31.85,40.28
31,1978,96.13,23.4,31.55,39.7
31,1979,93.89,24.43,32.95,41.43
31,1980,117.14,24.86,33.38,41.92
31,1981,90.0,25.95,34.32,42.69
31,1982,115.13,21.52,30.06,38.63
31,1983,82.64,24.21,32.68,41.15
31,1984,110.63,23.21,31.8,40.36
31,1985,96.62,21.1,29.68,38.22
31,1986,114.03,24.79,33.43,42.1
31,1987,84.45,25.88,34.78,43.64
31,1988,94.01,25.22,34.06,42.83
31,1989,128.65,22.0,30.62,39.19
31,1990,143.93,22.68,31.48,40.27
31,1991,105.24,23.25,32.25,41.26
31,1992,94.81,24.67,33.58,42.46
31,1993,84.31,22.3,30.87,39.43
31,1994,104.61,24.01,33.11,42.17
31,1995,134.12,22.9,31.67,40.43
31,1996,122.08,20.61,29.66,38.71
31,1997,108.93,23.65,32.19,40.73
31,1998,93.32,25.56,34.31,43.05
31,1999,114.4,25.04,33.14,41.24
31,2000,85.65,24.08,32.42,40.8
31,2001,85.16,24.96,33.47,41.98
31,2002,122.6,23.28,31.58,39.92
31,2003,90.12,25.48,34.17,42.88
31,2004,100.7,25.68,33.87,42.04
31,2005,94.12,24.83,33.39,41.97
31,2006,108.87,25.95,34.78,43.58
31,2007,86.78,25.64,34.43,43.2
31,2008,93.09,23.68,32.49,41.35
31,2009,93.93,23.58,32.43,41.29
31,2010,94.25,25.28,33.65,42.01
31,2011,117.27,23.79,32.3,40.83
31,2012,132.66,26.02,34.53,43.03
31,2013,97.7,25.29,33.93,42.51
31,2014,105.57,24.82,33.38,41.95
31,2015,88.19,27.29,36.02,44.78
32,1966,142.45,24.64,32.58,40.5
32,1967,131.37,24.5,32.66,40.8
32,1968,143.65,23.37,31.3,39.2
32,1969,104.12,24.58,32.58,40.62
32,1970,162.01,23.68,31.75,39.81
32,1971,152.09,23.32,31.12,38.98
32,1972,150.22,22.4,30.44,38.47
32,1973,123.26,23.79,32.01,40.22
32,1974,169.54,24.34,32.21,40.0
32,1975,160.86,21.98,29.7,37.4
32,1976,119.25,25.7,33.58,41.45
32,1977,117.52,23.79,31.77,39.73
32,1978,98.15,23.92,31.64,39.34
32,1979,92.44,25.22,33.27,41.31
32,1980,119.16,25.65,33.57,41.49
32,1981,89.55,26.24,34.17,42.12
32,1982,115.55,22.23,30.21,38.17
32,1983,89.65,24.65,32.62,40.61
32,1984,112.1,23.62,31.65,39.71
32,1985,98.6,21.88,29.82,37.74
32,1986,109.64,25.38,33.4,41.43
32,1987,84.59,26.46,34.7,42.92
32,1988,91.9,25.89,34.18,42.44
32,1989,126.33,22.58,30.52,38.44
32,1990,146.33,23.29,31.38,39.47
32,1991,103.83,23.82,32.18,40.51
32,1992,91.53,25.43,33.59,41.72
32,1993,88.63,22.63,30.62,38.58
32,1994,106.67,24.79,33.09,41.39
32,1995,132.29,23.59,31.64,39.66
32,1996,128.06,21.51,29.82,38.15
32,1997,114.6,24.29,32.23,40.18
32,1998,97.4,26.21,34.3,42.42
32,1999,116.09,25.38,33.02,40.67
32,2000,87.53,24.64,32.45,40.28
32,2001,88.47,25.53,33.44,41.37
32,2002,118.34,23.82,31.62,39.4
32,2003,97.42,26.12,34.22,42.32
32,2004,102.89,26.05,33.85,41.64
32,2005,99.18,25.22,33.39,41.55
32,2006,114.03,26.39,34.75,43.1
32,2007,90.59,26.14,34.38,42.62
32,2008,100.11,24.12,32.43,40.72
32,2009,97.74,24.17,32.54,40.91
32,2010,98.12,25.67,33.62,41.58
32,2011,121.59,24.18,32.26,40.33
32,2012,141.93,26.33,34.38,42.42
32,2013,102.32,25.83,33.89,41.97
32,2014,115.09,25.42,33.41,41.42
32,2015,86.94,28.02,36.08,44.16
33,1966,77.26,27.01,35.2,43.37
33,1967,73.48,26.94,35.33,43.71
33,1968,87.3,25.97,34.13,42.31
33,1969,58.44,26.69,35.14,43.58
33,1970,93.98,26.18,34.35,42.52
33,1971,89.86,25.71,33.78,41.87
33,1972,93.16,25.02,33.16,41.29
33,1973,70.46,26.31,34.68,43.08
33,1974,98.4,26.95,34.9,42.88
33,1975,91.16,24.58,32.34,40.1
33,1976,71.23,28.1,36.12,44.17
33,1977,68.5,26.42,34.49,42.59
33,1978,61.56,26.39,34.21,42.07
33,1979,57.46,27.38,35.84,44.3
33,1980,75.01,27.92,36.02,44.14
33,1981,56.47,28.75,36.86,44.98
33,1982,73.16,24.61,32.76,40.89
33,1983,59.23,27.32,35.32,43.3
33,1984,69.73,26.02,34.33,42.65
33,1985,57.85,23.96,32.43,40.89
33,1986,61.72,27.67,35.97,44.25
33,1987,52.39,28.55,37.03,45.52
33,1988,55.92,28.13,36.74,45.36
33,1989,77.39,24.73,32.93,41.15
33,1990,85.19,25.38,33.77,42.13
33,1991,66.65,25.97,34.42,42.88
33,1992,55.11,27.55,35.79,44.08
33,1993,57.51,24.6,32.6,40.6
33,1994,62.73,26.78,35.33,43.88
33,1995,80.95,25.86,33.89,41.89
33,1996,81.04,23.84,32.17,40.5
33,1997,70.23,26.19,34.22,42.31
33,1998,63.11,28.46,36.62,44.79
33,1999,66.31,27.53,35.46,43.4
33,2000,53.37,26.75,34.84,42.91
33,2001,53.46,27.56,35.79,44.02
33,2002,72.46,26.17,34.07,41.96
33,2003,61.09,28.42,36.57,44.72
33,2004,68.09,28.26,36.15,44.04
33,2005,65.08,27.34,35.68,44.02
33,2006,70.77,28.55,37.06,45.53
33,2007,56.98,28.42,36.81,45.17
33,2008,72.74,26.33,34.68,43.04
33,2009,59.61,26.5,34.98,43.48
33,2010,61.25,28.12,36.12,44.1
33,2011,78.83,26.45,34.52,42.62
33,2012,89.67,28.77,36.83,44.89
33,2013,62.22,28.23,36.23,44.24
33,2014,76.22,27.76,35.84,43.9
33,2015,49.36,30.29,38.65,47.02
34,1966,101.24,25.72,34.72,43.72
34,1967,96.55,25.68,34.9,44.14
34,1968,89.28,25.37,33.81,42.23
34,1969,70.52,25.65,34.46,43.28
34,1970,106.38,24.75,33.89,43.03
34,1971,92.64,24.48,33.25,42.02
34,1972,97.78,23.86,32.71,41.58
34,1973,83.15,25.57,34.55,43.52
34,1974,122.6,26.13,34.78,43.45
34,1975,120.44,23.63,31.98,40.36
34,1976,83.38,27.16,35.81,44.47
34,1977,81.52,25.28,34.16,43.05
34,1978,72.85,25.23,33.78,42.37
34,1979,65.42,25.8,35.07,44.35
34,1980,87.52,26.22,35.34,44.48
34,1981,66.25,27.67,36.42,45.18
34,1982,84.82,23.14,32.15,41.14
34,1983,61.77,26.08,34.94,43.78
34,1984,82.0,24.98,33.97,42.94
34,1985,72.69,22.53,31.33,40.17
34,1986,84.88,26.32,35.34,44.4
34,1987,62.46,27.34,36.74,46.14
34,1988,69.73,26.63,36.07,45.58
34,1989,97.3,23.57,32.45,41.32
34,1990,108.19,24.4,33.51,42.62
34,1991,76.39,24.99,34.39,43.81
34,1992,71.43,26.24,35.57,44.92
34,1993,66.12,23.82,32.72,41.58
34,1994,77.76,25.66,35.21,44.75
34,1995,101.93,24.7,33.75,42.83
34,1996,92.11,22.26,31.64,41.03
34,1997,81.16,25.39,34.25,43.12
34,1998,72.67,27.32,36.52,45.76
34,1999,84.53,27.02,35.41,43.78
34,2000,63.58,25.74,34.46,43.22
34,2001,63.1,26.65,35.52,44.38
34,2002,90.61,24.99,33.62,42.28
34,2003,67.62,27.22,36.34,45.52
34,2004,75.96,27.44,36.05,44.65
34,2005,70.92,26.39,35.48,44.58
34,2006,83.44,27.83,37.18,46.55
34,2007,66.97,27.43,36.73,46.05
34,2008,71.48,25.56,34.87,44.2
34,2009,71.08,25.27,34.72,44.17
34,2010,73.05,27.24,36.02,44.81
34,2011,88.12,25.77,34.72,43.69
34,2012,99.99,28.04,36.94,45.87
34,2013,72.56,27.21,36.26,45.29
34,2014,83.17,26.63,35.59,44.51
34,2015,66.71,29.02,38.15,47.3
35,1966,79.9,24.78,33.19,41.62
35,1967,83.36,24.93,33.48,42.04
35,1968,82.63,24.05,32.3,40.54
35,1969,64.79,24.31,32.88,41.45
35,1970,88.76,23.78,32.39,41.0
35,1971,80.68,23.44,31.82,40.17
35,1972,81.33,22.53,30.95,39.41
35,1973,70.5,24.18,32.79,41.41
35,1974,99.48,24.78,33.03,41.28
35,1975,98.96,22.58,30.54,38.52
35,1976,65.17,25.94,34.12,42.29
35,1977,60.56,23.88,32.32,40.77
35,1978,65.21,23.96,32.16,40.36
35,1979,49.59,24.43,33.26,42.13
35,1980,70.88,25.17,33.59,42.01
35,1981,60.78,26.14,34.48,42.83
35,1982,65.39,21.98,30.5,39.0
35,1983,54.47,24.75,33.22,41.67
35,1984,64.11,24.12,32.53,40.89
35,1985,60.54,21.89,30.25,38.58
35,1986,71.0,25.62,33.93,42.2
35,1987,52.96,26.65,35.33,44.02
35,1988,54.43,26.02,34.82,43.6
35,1989,76.76,22.78,31.1,39.41
35,1990,86.47,23.47,31.94,40.43
35,1991,64.88,24.05,32.93,41.8
35,1992,57.3,25.12,33.99,42.87
35,1993,59.3,22.89,31.34,39.76
35,1994,62.18,24.53,33.47,42.42
35,1995,83.76,23.55,32.13,40.68
35,1996,80.53,21.24,30.1,38.95
35,1997,68.56,24.2,32.68,41.17
35,1998,62.26,25.86,34.71,43.58
35,1999,69.06,25.65,33.67,41.71
35,2000,51.81,24.38,32.79,41.21
35,2001,50.74,25.34,33.85,42.35
35,2002,71.65,23.86,32.12,40.38
35,2003,57.72,25.93,34.94,43.93
35,2004,63.81,26.25,34.67,43.09
35,2005,62.54,25.27,33.99,42.72
35,2006,69.16,26.53,35.39,44.26
35,2007,55.95,25.97,34.89,43.79
35,2008,58.93,24.14,33.14,42.14
35,2009,56.62,23.82,32.88,41.92
35,2010,65.25,25.74,34.19,42.63
35,2011,76.27,24.24,32.92,41.59
35,2012,89.55,26.48,35.11,43.72
35,2013,64.08,25.84,34.54,43.23
35,2014,70.08,25.3,33.88,42.44
35,2015,53.3,27.85,36.52,45.22
36,1966,107.83,24.66,33.11,41.54
36,1967,112.31,24.77,33.37,41.98
36,1968,108.95,23.73,32.03,40.29
36,1969,83.75,24.39,32.92,41.42
36,1970,125.54,23.73,32.27,40.83
36,1971,112.8,23.33,31.64,39.95
36,1972,110.74,22.42,30.9,39.37
36,1973,96.26,23.93,32.55,41.16
36,1974,136.55,24.62,32.84,41.04
36,1975,130.04,22.27,30.38,38.46
36,1976,90.65,25.8,33.99,42.2
36,1977,83.51,23.65,32.15,40.63
36,1978,79.07,23.92,32.11,40.29
36,1979,66.49,24.39,33.28,42.18
36,1980,89.12,25.23,33.67,42.12
36,1981,70.15,26.01,34.4,42.78
36,1982,85.38,21.93,30.41,38.85
36,1983,68.42,24.68,33.06,41.44
36,1984,80.97,23.83,32.22,40.63
36,1985,69.57,21.62,29.91,38.16
36,1986,85.67,25.22,33.5,41.78
36,1987,62.2,26.21,34.85,43.51
36,1988,68.83,25.68,34.48,43.3
36,1989,93.84,22.42,30.62,38.81
36,1990,111.32,23.18,31.55,39.92
36,1991,77.71,23.7,32.48,41.27
36,1992,69.79,25.08,33.78,42.45
36,1993,71.28,22.72,31.03,39.33
36,1994,81.28,24.47,33.31,42.12
36,1995,102.28,23.42,31.89,40.33
36,1996,100.6,21.09,29.93,38.74
36,1997,84.81,23.96,32.41,40.86
36,1998,81.76,25.76,34.57,43.37
36,1999,90.49,25.48,33.42,41.38
36,2000,66.5,24.4,32.63,40.86
36,2001,63.74,25.27,33.61,41.96
36,2002,90.74,23.58,31.88,40.21
36,2003,76.06,25.72,34.55,43.37
36,2004,79.74,26.13,34.35,42.57
36,2005,74.28,25.02,33.68,42.35
36,2006,91.14,26.39,35.27,44.16
36,2007,74.68,25.81,34.71,43.62
36,2008,76.61,24.0,33.02,42.01
36,2009,74.7,23.84,32.88,41.92
36,2010,77.99,25.58,34.08,42.62
36,2011,96.21,24.14,32.83,41.53
36,2012,111.14,26.42,34.99,43.58
36,2013,78.42,25.76,34.36,42.98
36,2014,87.9,25.26,33.74,42.2
36,2015,67.76,27.69,36.24,44.81
37,1966,104.17,24.89,33.53,42.15
37,1967,108.17,25.02,33.83,42.68
37,1968,105.91,24.08,32.5,40.92
37,1969,81.07,24.57,33.31,42.02
37,1970,121.99,23.97,32.72,41.48
37,1971,109.96,23.58,32.08,40.58
37,1972,107.71,22.73,31.35,40.0
37,1973,93.75,24.27,33.03,41.82
37,1974,132.59,24.97,33.33,41.69
37,1975,125.92,22.58,30.8,39.03
37,1976,87.85,26.02,34.39,42.77
37,1977,81.06,23.95,32.59,41.23
37,1978,76.49,24.1,32.49,40.88
37,1979,64.59,24.61,33.7,42.74
37,1980,86.76,25.38,34.02,42.64
37,1981,68.49,26.28,34.83,43.38
37,1982,82.86,22.23,30.85,39.47
37,1983,67.0,24.97,33.49,42.02
37,1984,78.81,24.15,32.68,41.24
37,1985,68.03,21.96,30.38,38.81
37,1986,83.46,25.57,34.0,42.44
37,1987,60.56,26.49,35.31,44.17
37,1988,67.14,25.92,34.91,43.92
37,1989,91.54,22.76,31.14,39.51
37,1990,108.08,23.57,32.09,40.63
37,1991,76.04,24.11,33.0,41.9
37,1992,67.79,25.42,34.28,43.11
37,1993,69.4,23.12,31.54,39.98
37,1994,78.83,24.85,33.82,42.81
37,1995,99.7,23.86,32.43,40.98
37,1996,98.34,21.51,30.42,39.33
37,1997,82.6,24.38,32.89,41.46
37,1998,79.49,26.13,35.05,43.97
37,1999,87.78,25.86,33.93,42.02
37,2000,64.47,24.69,33.1,41.52
37,2001,62.0,25.59,34.09,42.58
37,2002,88.18,23.92,32.34,40.78
37,2003,74.05,26.06,35.02,43.97
37,2004,77.56,26.43,34.8,43.17
37,2005,72.85,25.34,34.14,42.94
37,2006,88.48,26.67,35.7,44.73
37,2007,72.38,26.1,35.17,44.22
37,2008,74.5,24.29,33.43,42.56
37,2009,72.58,24.12,33.31,42.49
37,2010,76.15,25.92,34.54,43.12
37,2011,93.66,24.51,33.29,42.07
37,2012,108.13,26.76,35.45,44.13
37,2013,76.35,26.14,34.85,43.58
37,2014,85.77,25.62,34.22,42.78
37,2015,66.03,28.07,36.76,45.48
38,1966,91.31,25.61,34.54,43.49
38,1967,96.34,25.76,34.88,44.03
38,1968,94.45,25.09,33.74,42.41
38,1969,72.34,25.12,34.18,43.26
38,1970,105.93,24.67,33.78,42.85
38,1971,95.87,24.29,33.12,41.93
38,1972,94.58,23.54,32.43,41.32
38,1973,83.09,25.2,34.18,43.17
38,1974,117.8,25.89,34.48,43.07
38,1975,112.49,23.49,31.83,40.15
38,1976,76.08,26.78,35.38,43.93
38,1977,70.48,24.79,33.65,42.51
38,1978,70.16,24.73,33.39,42.02
38,1979,57.95,25.22,34.53,43.84
38,1980,78.93,25.9,34.82,43.72
38,1981,64.16,27.12,35.85,44.52
38,1982,73.59,22.94,31.88,40.82
38,1983,61.28,25.66,34.49,43.37
38,1984,71.41,25.07,33.84,42.65
38,1985,63.62,22.82,31.44,40.07
38,1986,77.22,26.49,35.2,43.88
38,1987,56.43,27.39,36.55,45.71
38,1988,60.77,26.68,35.98,45.28
38,1989,83.6,23.7,32.34,40.97
38,1990,96.95,24.47,33.33,42.16
38,1991,71.31,25.16,34.28,43.4
38,1992,61.96,26.16,35.38,44.6
38,1993,63.39,24.01,32.69,41.33
38,1994,70.38,25.59,34.91,44.26
38,1995,91.31,24.78,33.57,42.33
38,1996,89.49,22.41,31.46,40.53
38,1997,75.37,25.19,33.99,42.78
38,1998,70.72,26.86,36.1,45.33
38,1999,78.24,26.69,35.08,43.43
38,2000,57.59,25.28,34.11,42.94
38,2001,56.07,26.28,35.14,44.0
38,2002,79.59,24.78,33.39,41.99
38,2003,65.98,26.86,36.12,45.37
38,2004,70.51,27.3,35.93,44.6
38,2005,67.56,26.23,35.25,44.26
38,2006,78.47,27.52,36.72,45.92
38,2007,64.48,26.9,36.22,45.55
38,2008,65.9,25.07,34.47,43.87
38,2009,64.1,24.75,34.26,43.75
38,2010,70.31,26.73,35.54,44.34
38,2011,84.8,25.35,34.29,43.28
38,2012,98.67,27.58,36.53,45.46
38,2013,69.95,27.0,35.98,44.96
38,2014,77.95,26.44,35.27,44.11
38,2015,59.6,28.96,37.98,47.0
39,1966,82.96,23.22,31.52,39.79
39,1967,84.06,23.28,31.68,40.08
39,1968,81.31,22.39,30.61,38.84
39,1969,63.97,22.9,31.37,39.82
39,1970,87.57,22.39,30.92,39.45
39,1971,80.23,21.89,30.23,38.6
39,1972,81.5,20.78,29.16,37.48
39,1973,68.47,22.63,31.25,39.91
39,1974,96.95,23.12,31.43,39.73
39,1975,100.51,20.99,28.98,36.98
39,1976,66.2,24.62,32.78,40.94
39,1977,61.32,22.55,30.91,39.23
39,1978,65.2,22.5,30.63,38.75
39,1979,49.77,23.18,31.88,40.55
39,1980,70.69,23.96,32.29,40.62
39,1981,59.81,24.79,33.15,41.51
39,1982,68.28,20.47,28.94,37.41
39,1983,54.4,23.31,31.8,40.29
39,1984,64.45,22.75,31.1,39.45
39,1985,59.33,20.71,29.05,37.37
39,1986,69.92,24.37,32.57,40.77
39,1987,52.76,25.34,33.99,42.63
39,1988,54.51,24.51,33.3,42.08
39,1989,77.3,21.41,29.68,37.98
39,1990,87.58,22.19,30.61,39.01
39,1991,62.24,22.65,31.45,40.24
39,1992,56.82,23.92,32.65,41.41
39,1993,58.43,21.72,30.09,38.47
39,1994,62.57,23.28,32.07,40.88
39,1995,83.45,22.32,30.83,39.36
39,1996,79.78,19.97,28.8,37.65
39,1997,67.94,23.0,31.42,39.83
39,1998,62.14,24.65,33.33,42.02
39,1999,69.54,24.26,32.22,40.18
39,2000,52.81,23.17,31.47,39.75
39,2001,50.99,24.18,32.58,40.96
39,2002,71.27,22.52,30.75,38.98
39,2003,57.25,24.68,33.47,42.21
39,2004,64.39,24.88,33.13,41.38
39,2005,61.47,24.08,32.57,41.02
39,2006,68.28,25.17,33.87,42.53
39,2007,54.83,24.63,33.37,42.11
39,2008,59.0,22.73,31.62,40.49
39,2009,57.61,22.61,31.44,40.25
39,2010,64.26,24.33,32.65,40.98
39,2011,74.52,22.89,31.42,39.95
39,2012,87.7,25.1,33.62,42.12
39,2013,64.44,24.47,33.03,41.62
39,2014,70.64,23.95,32.44,40.93
39,2015,53.25,26.45,35.02,43.58
